word,pos,CEFR-J level,exact asset exists,already in curated dictionary,already found by open-world discovery
afraid,adjective,A1,no,no,no
all right,adjective,A1,no,no,no
angry,adjective,A1,yes,no,no
awake,adjective,A1,no,no,no
bad,adjective,A1,no,no,no
beautiful,adjective,A1,no,no,no
best,adjective,A1,no,no,no
better,adjective,A1,no,no,no
big,adjective,A1,no,no,no
black,adjective,A1,no,no,no
blank,adjective,A1,no,no,no
blue,adjective,A1,no,no,no
boring,adjective,A1,no,no,no
bright,adjective,A1,no,no,no
broken,adjective,A1,no,no,no
brown,adjective,A1,no,no,no
busy,adjective,A1,no,no,no
careful,adjective,A1,no,no,no
clean,adjective,A1,yes,no,no
clever,adjective,A1,no,no,no
close,adjective,A1,yes,no,no
closed,adjective,A1,no,no,no
cloudy,adjective,A1,yes,yes,no
cold,adjective,A1,yes,yes,no
cool,adjective,A1,no,no,no
correct,adjective,A1,no,no,no
cute,adjective,A1,no,no,no
dark,adjective,A1,no,no,no
dear,adjective,A1,no,no,no
delicious,adjective,A1,yes,no,no
different,adjective,A1,no,no,no
difficult,adjective,A1,no,no,no
dirty,adjective,A1,no,no,no
dry,adjective,A1,yes,no,no
due,adjective,A1,no,no,no
easy,adjective,A1,no,no,no
elementary,adjective,A1,no,no,no
everyday,adjective,A1,no,no,no
excellent,adjective,A1,no,no,no
excited,adjective,A1,yes,no,no
exciting,adjective,A1,no,no,no
expensive,adjective,A1,no,no,no
fair,adjective,A1,no,no,no
false,adjective,A1,no,no,no
famous,adjective,A1,no,no,no
fast,adjective,A1,no,no,no
fat,adjective,A1,no,no,no
favorite,adjective,A1,no,no,no
fine,adjective,A1,no,no,no
first,adjective,A1,no,no,no
foggy,adjective,A1,no,no,no
following,adjective,A1,no,no,no
foreign,adjective,A1,no,no,no
free,adjective,A1,no,no,no
front,adjective,A1,no,no,no
full,adjective,A1,yes,no,no
fun,adjective,A1,no,no,no
funny,adjective,A1,no,no,no
glad,adjective,A1,no,no,no
gold,adjective,A1,no,no,no
good,adjective,A1,no,no,no
gray,adjective,A1,no,no,no
great,adjective,A1,no,no,no
green,adjective,A1,no,no,no
handsome,adjective,A1,no,no,no
happy,adjective,A1,yes,no,no
hard,adjective,A1,no,no,no
healthy,adjective,A1,no,no,no
heavy,adjective,A1,no,no,no
high,adjective,A1,no,no,no
hot,adjective,A1,yes,yes,no
hungry,adjective,A1,yes,no,no
ideal,adjective,A1,no,no,no
important,adjective,A1,no,no,no
interested,adjective,A1,no,no,no
interesting,adjective,A1,no,no,no
key,adjective,A1,yes,yes,no
large,adjective,A1,no,no,no
late,adjective,A1,no,no,no
lazy,adjective,A1,no,no,no
left,adjective,A1,no,no,no
light,adjective,A1,no,no,no
little,adjective,A1,no,no,no
living,adjective,A1,no,no,no
lonely,adjective,A1,no,no,no
long,adjective,A1,no,no,no
lovely,adjective,A1,no,no,no
lucky,adjective,A1,no,no,no
merry,adjective,A1,no,no,no
middle,adjective,A1,no,no,no
new,adjective,A1,no,no,no
nice,adjective,A1,no,no,no
off,adjective,A1,no,no,no
ok,adjective,A1,no,no,no
old,adjective,A1,no,no,no
only,adjective,A1,no,no,no
open,adjective,A1,yes,no,no
orange,adjective,A1,yes,yes,no
own,adjective,A1,no,no,no
personal,adjective,A1,no,no,no
pink,adjective,A1,no,no,no
poor,adjective,A1,no,no,no
pretty,adjective,A1,no,no,no
quiet,adjective,A1,yes,yes,no
rainy,adjective,A1,yes,yes,no
ready,adjective,A1,no,no,no
real,adjective,A1,no,no,no
red,adjective,A1,no,no,no
rich,adjective,A1,no,no,no
right,adjective,A1,no,no,no
rude,adjective,A1,no,no,no
sad,adjective,A1,yes,no,no
same,adjective,A1,no,no,no
second,adjective,A1,no,no,no
short,adjective,A1,no,no,no
shy,adjective,A1,yes,no,no
sick,adjective,A1,yes,no,no
slow,adjective,A1,no,no,no
small,adjective,A1,yes,no,no
smart,adjective,A1,no,no,no
snowy,adjective,A1,yes,yes,no
social,adjective,A1,no,no,no
sorry,adjective,A1,no,no,no
special,adjective,A1,no,no,no
still,adjective,A1,no,no,no
strange,adjective,A1,no,no,no
strict,adjective,A1,no,no,no
strong,adjective,A1,no,no,no
successful,adjective,A1,no,no,no
sunny,adjective,A1,yes,yes,no
super,adjective,A1,no,no,no
sure,adjective,A1,no,no,no
sweet,adjective,A1,no,no,no
tall,adjective,A1,no,no,no
terrible,adjective,A1,no,no,no
thick,adjective,A1,no,no,no
thin,adjective,A1,no,no,no
tight,adjective,A1,no,no,no
tired,adjective,A1,yes,no,no
true,adjective,A1,no,no,no
ugly,adjective,A1,no,no,no
warm,adjective,A1,no,no,no
well,adjective,A1,yes,yes,no
white,adjective,A1,no,no,no
wonderful,adjective,A1,no,no,no
wrong,adjective,A1,no,no,no
yellow,adjective,A1,no,no,no
young,adjective,A1,no,no,no
acceptable,adjective,A2,no,no,no
additional,adjective,A2,no,no,no
adult,adjective,A2,no,no,no
advanced,adjective,A2,no,no,no
aged,adjective,A2,no,no,no
alive,adjective,A2,no,no,no
alone,adjective,A2,no,no,no
alright,adjective,A2,no,no,no
amused,adjective,A2,no,no,no
ancient,adjective,A2,no,no,no
annoying,adjective,A2,no,no,no
anxious,adjective,A2,yes,no,no
appropriate,adjective,A2,no,no,no
armed,adjective,A2,no,no,no
artificial,adjective,A2,no,no,no
asleep,adjective,A2,no,no,no
assistant,adjective,A2,no,no,no
attractive,adjective,A2,no,no,no
audio,adjective,A2,no,no,no
automatic,adjective,A2,no,no,no
average,adjective,A2,no,no,no
awful,adjective,A2,no,no,no
back,adjective,A2,no,no,no
basic,adjective,A2,no,no,no
blonde,adjective,A2,no,no,no
boiled,adjective,A2,no,no,no
bored,adjective,A2,yes,no,no
brave,adjective,A2,no,no,no
brilliant,adjective,A2,no,no,no
certain,adjective,A2,no,no,no
cheap,adjective,A2,no,no,no
chemical,adjective,A2,no,no,no
classic,adjective,A2,no,no,no
clear,adjective,A2,no,no,no
colorful,adjective,A2,no,no,no
comfortable,adjective,A2,no,no,no
comic,adjective,A2,yes,no,no
common,adjective,A2,no,no,no
complete,adjective,A2,no,no,no
confident,adjective,A2,yes,no,no
confused,adjective,A2,yes,no,no
convenient,adjective,A2,no,no,no
crazy,adjective,A2,no,no,no
cream,adjective,A2,yes,yes,no
creative,adjective,A2,no,no,no
crowded,adjective,A2,no,no,no
daily,adjective,A2,no,no,no
dangerous,adjective,A2,no,no,no
dead,adjective,A2,no,no,no
developed,adjective,A2,no,no,no
direct,adjective,A2,no,no,no
disappointed,adjective,A2,yes,no,no
disappointing,adjective,A2,no,no,no
dishonest,adjective,A2,no,no,no
dizzy,adjective,A2,no,no,no
double,adjective,A2,no,no,no
dressed,adjective,A2,no,no,no
early,adjective,A2,no,no,no
east,adjective,A2,no,no,no
educational,adjective,A2,no,no,no
elderly,adjective,A2,no,no,no
electric,adjective,A2,no,no,no
embarrassing,adjective,A2,no,no,no
empty,adjective,A2,yes,no,no
endangered,adjective,A2,no,no,no
energetic,adjective,A2,no,no,no
enormous,adjective,A2,no,no,no
extra,adjective,A2,no,no,no
familiar,adjective,A2,no,no,no
fancy,adjective,A2,no,no,no
fantastic,adjective,A2,no,no,no
fascinating,adjective,A2,no,no,no
female,adjective,A2,no,no,no
final,adjective,A2,no,no,no
fit,adjective,A2,no,no,no
frank,adjective,A2,no,no,no
fresh,adjective,A2,no,no,no
fried,adjective,A2,no,no,no
frightened,adjective,A2,no,no,no
frightening,adjective,A2,no,no,no
further,adjective,A2,no,no,no
gentle,adjective,A2,no,no,no
given,adjective,A2,no,no,no
golden,adjective,A2,no,no,no
good-looking,adjective,A2,no,no,no
grateful,adjective,A2,no,no,no
greedy,adjective,A2,no,no,no
grilled,adjective,A2,no,no,no
half-price,adjective,A2,no,no,no
handicapped,adjective,A2,no,no,no
harmful,adjective,A2,no,no,no
helpful,adjective,A2,no,no,no
human,adjective,A2,no,no,no
ill,adjective,A2,no,no,no
illegal,adjective,A2,no,no,no
impatient,adjective,A2,no,no,no
impossible,adjective,A2,no,no,no
indoor,adjective,A2,no,no,no
inexpensive,adjective,A2,no,no,no
inner,adjective,A2,no,no,no
instant,adjective,A2,no,no,no
intelligent,adjective,A2,no,no,no
international,adjective,A2,no,no,no
junior,adjective,A2,no,no,no
kind,adjective,A2,no,no,no
kindly,adjective,A2,no,no,no
latest,adjective,A2,no,no,no
left-hand,adjective,A2,no,no,no
likely,adjective,A2,no,no,no
lively,adjective,A2,no,no,no
local,adjective,A2,no,no,no
logical,adjective,A2,no,no,no
loose,adjective,A2,no,no,no
lost,adjective,A2,no,no,no
low,adjective,A2,no,no,no
lyric,adjective,A2,no,no,no
mad,adjective,A2,no,no,no
magic,adjective,A2,no,no,no
major,adjective,A2,no,no,no
married,adjective,A2,no,no,no
marvelous,adjective,A2,no,no,no
mean,adjective,A2,no,no,no
medical,adjective,A2,no,no,no
military,adjective,A2,no,no,no
missing,adjective,A2,no,no,no
mobile,adjective,A2,yes,no,no
modern,adjective,A2,no,no,no
musical,adjective,A2,no,no,no
mysterious,adjective,A2,no,no,no
national,adjective,A2,no,no,no
native,adjective,A2,no,no,no
natural,adjective,A2,no,no,no
necessary,adjective,A2,no,no,no
negative,adjective,A2,no,no,no
nervous,adjective,A2,yes,no,no
net,adjective,A2,yes,yes,yes
noisy,adjective,A2,no,no,no
normal,adjective,A2,no,no,no
north,adjective,A2,no,no,no
official,adjective,A2,no,no,no
olympic,adjective,A2,no,no,no
online,adjective,A2,no,no,no
opposite,adjective,A2,no,no,no
organized,adjective,A2,no,no,no
original,adjective,A2,no,no,no
overweight,adjective,A2,no,no,no
pacific,adjective,A2,no,no,no
peaceful,adjective,A2,no,no,no
perfect,adjective,A2,no,no,no
physical,adjective,A2,no,no,no
plastic,adjective,A2,no,no,no
playful,adjective,A2,no,no,no
pleasant,adjective,A2,no,no,no
pleased,adjective,A2,no,no,no
pleasing,adjective,A2,no,no,no
polite,adjective,A2,no,no,no
political,adjective,A2,no,no,no
popular,adjective,A2,no,no,no
possible,adjective,A2,no,no,no
powerful,adjective,A2,no,no,no
precise,adjective,A2,no,no,no
principal,adjective,A2,no,no,no
private,adjective,A2,no,no,no
professional,adjective,A2,no,no,no
progressive,adjective,A2,no,no,no
proper,adjective,A2,no,no,no
purple,adjective,A2,no,no,no
quick,adjective,A2,no,no,no
raw,adjective,A2,no,no,no
recent,adjective,A2,no,no,no
regular,adjective,A2,no,no,no
relaxed,adjective,A2,no,no,no
remote,adjective,A2,no,no,no
retired,adjective,A2,no,no,no
right-hand,adjective,A2,no,no,no
romantic,adjective,A2,no,no,no
royal,adjective,A2,no,no,no
safe,adjective,A2,yes,no,no
sandy,adjective,A2,no,no,no
scientific,adjective,A2,no,no,no
senior,adjective,A2,no,no,no
separate,adjective,A2,no,no,no
significant,adjective,A2,no,no,no
silly,adjective,A2,no,no,no
silver,adjective,A2,no,no,no
similar,adjective,A2,no,no,no
simple,adjective,A2,no,no,no
single,adjective,A2,no,no,no
singular,adjective,A2,no,no,no
sleepless,adjective,A2,no,no,no
sleepy,adjective,A2,yes,no,no
slim,adjective,A2,no,no,no
smooth,adjective,A2,no,no,no
soft,adjective,A2,no,no,no
south,adjective,A2,no,no,no
specific,adjective,A2,no,no,no
split,adjective,A2,yes,no,no
square,adjective,A2,no,no,yes
straight,adjective,A2,no,no,no
sudden,adjective,A2,no,no,no
suitable,adjective,A2,no,no,no
surprised,adjective,A2,yes,no,no
surprising,adjective,A2,no,no,no
teenage,adjective,A2,no,no,no
terrorist,adjective,A2,no,no,no
third,adjective,A2,no,no,no
thirsty,adjective,A2,yes,no,no
tidy,adjective,A2,yes,no,no
traditional,adjective,A2,no,no,no
uncertain,adjective,A2,no,no,no
uncomfortable,adjective,A2,no,no,no
underwater,adjective,A2,no,no,no
uneasy,adjective,A2,no,no,no
unfair,adjective,A2,no,no,no
unforgettable,adjective,A2,no,no,no
unhappy,adjective,A2,no,no,no
unhealthy,adjective,A2,no,no,no
uniform,adjective,A2,yes,yes,no
unimportant,adjective,A2,no,no,no
unknown,adjective,A2,no,no,no
unlike,adjective,A2,no,no,no
unnecessary,adjective,A2,no,no,no
unpleasant,adjective,A2,no,no,no
unusual,adjective,A2,no,no,no
upset,adjective,A2,no,no,no
used,adjective,A2,no,no,no
useful,adjective,A2,no,no,no
usual,adjective,A2,no,no,no
violent,adjective,A2,no,no,no
weak,adjective,A2,no,no,no
weekly,adjective,A2,no,no,no
well-known,adjective,A2,no,no,no
west,adjective,A2,no,no,no
wet,adjective,A2,no,no,no
whole,adjective,A2,no,no,no
wide,adjective,A2,no,no,no
wild,adjective,A2,no,no,no
windy,adjective,A2,yes,yes,no
wise,adjective,A2,no,no,no
wooden,adjective,A2,no,no,no
worried,adjective,A2,yes,no,no
worse,adjective,A2,no,no,no
worst,adjective,A2,no,no,no
able,adjective,B1,no,no,no
abnormal,adjective,B1,no,no,no
above,adjective,B1,no,no,no
absent,adjective,B1,no,no,no
absolute,adjective,B1,no,no,no
abstract,adjective,B1,no,no,no
abundant,adjective,B1,yes,no,no
academic,adjective,B1,no,no,no
accessible,adjective,B1,no,no,no
accidental,adjective,B1,no,no,no
accurate,adjective,B1,no,no,no
active,adjective,B1,no,no,no
adorable,adjective,B1,no,no,no
adverbial,adjective,B1,no,no,no
aggressive,adjective,B1,no,no,no
agricultural,adjective,B1,no,no,no
alcoholic,adjective,B1,no,no,no
alike,adjective,B1,no,no,no
allergic,adjective,B1,no,no,no
alternative,adjective,B1,no,no,no
amazed,adjective,B1,no,no,no
amazing,adjective,B1,no,no,no
ambitious,adjective,B1,no,no,no
amusing,adjective,B1,no,no,no
animated,adjective,B1,no,no,no
annoyed,adjective,B1,no,no,no
annual,adjective,B1,no,no,no
anti,adjective,B1,no,no,no
apparent,adjective,B1,no,no,no
artistic,adjective,B1,no,no,no
ashamed,adjective,B1,no,no,no
athletic,adjective,B1,no,no,no
atlantic,adjective,B1,no,no,no
atomic,adjective,B1,no,no,no
auxiliary,adjective,B1,no,no,no
available,adjective,B1,no,no,no
aware,adjective,B1,no,no,no
awesome,adjective,B1,no,no,no
awkward,adjective,B1,no,no,no
bald,adjective,B1,no,no,no
bare,adjective,B1,no,no,no
beloved,adjective,B1,no,no,no
bent,adjective,B1,no,no,no
bilingual,adjective,B1,no,no,no
bitter,adjective,B1,no,no,no
blind,adjective,B1,no,no,no
bold,adjective,B1,no,no,no
bound,adjective,B1,no,no,no
brand-new,adjective,B1,no,no,no
breathless,adjective,B1,no,no,no
brief,adjective,B1,no,no,no
broad,adjective,B1,no,no,no
burning,adjective,B1,no,no,no
calm,adjective,B1,yes,no,no
canned,adjective,B1,no,no,no
capable,adjective,B1,no,no,no
careless,adjective,B1,no,no,no
casual,adjective,B1,no,no,no
cautious,adjective,B1,no,no,no
central,adjective,B1,no,no,no
challenging,adjective,B1,no,no,no
cheerful,adjective,B1,yes,no,no
chief,adjective,B1,no,no,no
christian,adjective,B1,no,no,no
chronological,adjective,B1,no,no,no
circular,adjective,B1,no,no,no
civil,adjective,B1,no,no,no
classical,adjective,B1,no,no,no
coastal,adjective,B1,no,no,no
commercial,adjective,B1,no,no,no
competitive,adjective,B1,no,no,no
complex,adjective,B1,no,no,no
complicated,adjective,B1,no,no,no
concerned,adjective,B1,no,no,no
confusing,adjective,B1,no,no,no
conscious,adjective,B1,no,no,no
conservative,adjective,B1,no,no,no
considerable,adjective,B1,no,no,no
continual,adjective,B1,no,no,no
continuous,adjective,B1,no,no,no
contrary,adjective,B1,no,no,no
controversial,adjective,B1,no,no,no
countless,adjective,B1,no,no,no
courageous,adjective,B1,no,no,no
critical,adjective,B1,no,no,no
cruel,adjective,B1,no,no,no
cultural,adjective,B1,no,no,no
curious,adjective,B1,no,no,no
curly,adjective,B1,no,no,no
current,adjective,B1,no,no,no
damaged,adjective,B1,no,no,no
damp,adjective,B1,no,no,no
deadly,adjective,B1,no,no,no
deaf,adjective,B1,no,no,no
definite,adjective,B1,no,no,no
delicate,adjective,B1,no,no,no
delighted,adjective,B1,no,no,no
delightful,adjective,B1,no,no,no
democratic,adjective,B1,no,no,no
dependent,adjective,B1,no,no,no
depressed,adjective,B1,no,no,no
depressing,adjective,B1,no,no,no
desperate,adjective,B1,no,no,no
destructive,adjective,B1,no,no,no
devastating,adjective,B1,no,no,no
digital,adjective,B1,no,no,no
diligent,adjective,B1,no,no,no
disabled,adjective,B1,no,no,no
disastrous,adjective,B1,no,no,no
disgusting,adjective,B1,no,no,no
distant,adjective,B1,no,no,no
diverse,adjective,B1,no,no,no
divine,adjective,B1,no,no,no
divorced,adjective,B1,no,no,no
downstairs,adjective,B1,no,no,no
downward,adjective,B1,no,no,no
dramatic,adjective,B1,no,no,no
drunk,adjective,B1,no,no,no
dull,adjective,B1,no,no,no
dusty,adjective,B1,no,no,no
duty-free,adjective,B1,no,no,yes
eager,adjective,B1,no,no,no
earnest,adjective,B1,no,no,no
eastern,adjective,B1,no,no,no
easygoing,adjective,B1,no,no,no
ecological,adjective,B1,no,no,no
economic,adjective,B1,no,no,no
effective,adjective,B1,no,no,no
efficient,adjective,B1,no,no,no
electrical,adjective,B1,no,no,no
electronic,adjective,B1,no,no,no
embarrassed,adjective,B1,yes,no,no
emotional,adjective,B1,no,no,no
encouraging,adjective,B1,no,no,no
endless,adjective,B1,no,no,no
engaged,adjective,B1,no,no,no
enjoyable,adjective,B1,no,no,no
enthusiastic,adjective,B1,no,no,no
entire,adjective,B1,no,no,no
environmental,adjective,B1,no,no,no
equal,adjective,B1,no,no,no
essential,adjective,B1,no,no,no
eternal,adjective,B1,no,no,no
even,adjective,B1,no,no,no
evident,adjective,B1,no,no,no
exact,adjective,B1,no,no,no
exclusive,adjective,B1,no,no,no
exhausted,adjective,B1,no,no,no
experienced,adjective,B1,no,no,no
extinct,adjective,B1,yes,yes,no
extraordinary,adjective,B1,no,no,no
extreme,adjective,B1,no,no,no
face-to-face,adjective,B1,no,no,no
faint,adjective,B1,no,no,no
faithful,adjective,B1,no,no,no
fake,adjective,B1,no,no,no
fallen,adjective,B1,no,no,no
faraway,adjective,B1,no,no,no
fashionable,adjective,B1,no,no,no
favorable,adjective,B1,no,no,no
festive,adjective,B1,no,no,no
financial,adjective,B1,no,no,no
firm,adjective,B1,no,no,no
first-floor,adjective,B1,no,no,no
flash,adjective,B1,yes,yes,no
flat,adjective,B1,no,no,no
fluent,adjective,B1,no,no,no
fond,adjective,B1,no,no,no
foolish,adjective,B1,no,no,no
forbidden,adjective,B1,no,no,no
formal,adjective,B1,no,no,no
former,adjective,B1,no,no,no
fortunate,adjective,B1,no,no,no
freezing,adjective,B1,no,no,no
frequent,adjective,B1,no,no,no
frozen,adjective,B1,no,no,no
frustrated,adjective,B1,yes,no,no
full-time,adjective,B1,no,no,no
future,adjective,B1,no,no,no
gay,adjective,B1,no,no,no
general,adjective,B1,no,no,no
generous,adjective,B1,no,no,no
genetic,adjective,B1,no,no,no
geographical,adjective,B1,no,no,no
giant,adjective,B1,no,no,no
gifted,adjective,B1,no,no,no
global,adjective,B1,no,no,no
glorious,adjective,B1,no,no,no
gorgeous,adjective,B1,no,no,no
graceful,adjective,B1,no,no,no
graphic,adjective,B1,no,no,no
guilty,adjective,B1,no,no,no
hand-held,adjective,B1,no,no,no
handy,adjective,B1,no,no,no
hanging,adjective,B1,no,no,no
hard-working,adjective,B1,no,no,no
hasty,adjective,B1,no,no,no
healing,adjective,B1,no,no,no
hearted,adjective,B1,no,no,no
hearty,adjective,B1,no,no,no
heavenly,adjective,B1,no,no,no
helpless,adjective,B1,no,no,no
hidden,adjective,B1,no,no,no
historic,adjective,B1,no,no,no
historical,adjective,B1,no,no,no
holy,adjective,B1,no,no,no
homeless,adjective,B1,no,no,no
honest,adjective,B1,no,no,no
hopeful,adjective,B1,no,no,no
hopeless,adjective,B1,no,no,no
horrible,adjective,B1,no,no,no
huge,adjective,B1,yes,no,no
humid,adjective,B1,no,no,no
humorous,adjective,B1,no,no,no
hurt,adjective,B1,yes,no,no
imaginary,adjective,B1,no,no,no
immediate,adjective,B1,no,no,no
impressive,adjective,B1,no,no,no
improper,adjective,B1,no,no,no
inconvenient,adjective,B1,no,no,no
incorrect,adjective,B1,no,no,no
incredible,adjective,B1,no,no,no
independent,adjective,B1,no,no,no
indirect,adjective,B1,no,no,no
individual,adjective,B1,no,no,no
industrial,adjective,B1,no,no,no
inevitable,adjective,B1,no,no,no
informative,adjective,B1,no,no,no
innermost,adjective,B1,no,no,no
innocent,adjective,B1,no,no,no
insane,adjective,B1,no,no,no
intense,adjective,B1,no,no,no
intensive,adjective,B1,no,no,no
intermediate,adjective,B1,no,no,no
internal,adjective,B1,no,no,no
involved,adjective,B1,no,no,no
irregular,adjective,B1,no,no,no
jealous,adjective,B1,no,no,no
joint,adjective,B1,no,no,no
juicy,adjective,B1,no,no,no
lasting,adjective,B1,no,no,no
lawful,adjective,B1,no,no,no
lead,adjective,B1,yes,no,no
leading,adjective,B1,no,no,no
lean,adjective,B1,yes,no,no
legal,adjective,B1,no,no,no
level,adjective,B1,yes,no,yes
lifelong,adjective,B1,no,no,no
limited,adjective,B1,no,no,no
liquid,adjective,B1,no,no,no
literary,adjective,B1,no,no,no
live,adjective,B1,no,no,no
loud,adjective,B1,no,no,no
loyal,adjective,B1,no,no,no
magical,adjective,B1,no,no,no
magnificent,adjective,B1,no,no,no
main,adjective,B1,no,no,no
male,adjective,B1,no,no,no
marine,adjective,B1,no,no,no
marked,adjective,B1,no,no,no
mass,adjective,B1,no,no,no
massive,adjective,B1,no,no,no
maximum,adjective,B1,no,no,no
meaningful,adjective,B1,no,no,no
mechanical,adjective,B1,no,no,no
medium,adjective,B1,no,no,no
memorable,adjective,B1,no,no,no
mental,adjective,B1,no,no,no
mere,adjective,B1,no,no,no
messy,adjective,B1,no,no,no
middle-aged,adjective,B1,no,no,no
mild,adjective,B1,no,no,no
minimum,adjective,B1,no,no,no
minor,adjective,B1,no,no,no
miserable,adjective,B1,no,no,no
misty,adjective,B1,no,no,no
model,adjective,B1,no,no,no
moderate,adjective,B1,no,no,no
monthly,adjective,B1,no,no,no
motionless,adjective,B1,no,no,no
mutual,adjective,B1,no,no,no
naked,adjective,B1,no,no,no
narrative,adjective,B1,no,no,no
narrow,adjective,B1,no,no,no
nasty,adjective,B1,no,no,no
navy blue,adjective,B1,no,no,no
near,adjective,B1,no,no,no
nearby,adjective,B1,no,no,no
neutral,adjective,B1,no,no,no
newborn,adjective,B1,no,no,no
next-door,adjective,B1,no,no,no
northeast,adjective,B1,no,no,no
northeastern,adjective,B1,no,no,no
northern,adjective,B1,no,no,no
northwest,adjective,B1,no,no,no
northwestern,adjective,B1,no,no,no
noticeable,adjective,B1,no,no,no
notorious,adjective,B1,no,no,no
nuclear,adjective,B1,no,no,no
numerous,adjective,B1,no,no,no
nutritious,adjective,B1,no,no,no
obvious,adjective,B1,no,no,no
occasional,adjective,B1,no,no,no
offensive,adjective,B1,no,no,no
oily,adjective,B1,no,no,no
old-fashioned,adjective,B1,no,no,no
onstage,adjective,B1,no,no,no
orderly,adjective,B1,no,no,no
ordinary,adjective,B1,no,no,no
organic,adjective,B1,no,no,no
out-of-date,adjective,B1,no,no,no
outdoor,adjective,B1,no,no,no
outer,adjective,B1,no,no,no
outstanding,adjective,B1,no,no,no
outward,adjective,B1,no,no,no
overjoyed,adjective,B1,no,no,no
overnight,adjective,B1,no,no,no
overwhelming,adjective,B1,no,no,no
owing,adjective,B1,no,no,no
paid,adjective,B1,no,no,no
painful,adjective,B1,no,no,no
pale,adjective,B1,no,no,no
parental,adjective,B1,no,no,no
part-time,adjective,B1,no,no,no
partial,adjective,B1,no,no,no
passive,adjective,B1,no,no,no
past,adjective,B1,no,no,no
patient,adjective,B1,yes,yes,no
peculiar,adjective,B1,no,no,no
penniless,adjective,B1,no,no,no
permanent,adjective,B1,no,no,no
persuasive,adjective,B1,no,no,no
phantom,adjective,B1,no,no,no
plain,adjective,B1,no,no,no
poisonous,adjective,B1,no,no,no
positive,adjective,B1,no,no,no
possessive,adjective,B1,no,no,no
practical,adjective,B1,no,no,no
precious,adjective,B1,no,no,no
pregnant,adjective,B1,no,no,no
prepared,adjective,B1,no,no,no
preschool,adjective,B1,no,no,no
present,adjective,B1,yes,yes,no
previous,adjective,B1,no,no,no
primitive,adjective,B1,no,no,no
productive,adjective,B1,no,no,no
prominent,adjective,B1,no,no,no
prosperous,adjective,B1,no,no,no
protective,adjective,B1,no,no,no
proud,adjective,B1,yes,no,no
psychological,adjective,B1,no,no,no
public,adjective,B1,no,no,no
pure,adjective,B1,no,no,no
qualified,adjective,B1,no,no,no
quality,adjective,B1,no,no,no
racial,adjective,B1,no,no,no
rapid,adjective,B1,no,no,no
rare,adjective,B1,no,no,no
rational,adjective,B1,no,no,no
realistic,adjective,B1,no,no,no
reasonable,adjective,B1,no,no,no
recycled,adjective,B1,no,no,no
regional,adjective,B1,no,no,no
relative,adjective,B1,no,no,no
relaxing,adjective,B1,no,no,no
reliable,adjective,B1,no,no,no
religious,adjective,B1,no,no,no
remarkable,adjective,B1,no,no,no
resident,adjective,B1,no,no,no
residential,adjective,B1,no,no,no
respectable,adjective,B1,no,no,no
responsible,adjective,B1,no,no,no
ridiculous,adjective,B1,no,no,no
ripe,adjective,B1,no,no,no
rolling,adjective,B1,no,no,no
rotten,adjective,B1,no,no,no
rough,adjective,B1,no,no,no
round,adjective,B1,no,no,no
sacred,adjective,B1,no,no,no
satisfied,adjective,B1,no,no,no
scared,adjective,B1,yes,no,no
scary,adjective,B1,no,no,no
scenic,adjective,B1,no,no,no
second-hand,adjective,B1,no,no,no
secret,adjective,B1,no,no,no
secure,adjective,B1,no,no,no
select,adjective,B1,no,no,no
self-service,adjective,B1,no,no,no
selfish,adjective,B1,no,no,no
serious,adjective,B1,no,no,no
severe,adjective,B1,no,no,no
shadowy,adjective,B1,no,no,no
shallow,adjective,B1,no,no,no
shameful,adjective,B1,no,no,no
sharp,adjective,B1,no,no,no
sheer,adjective,B1,no,no,no
shiny,adjective,B1,no,no,no
shocked,adjective,B1,no,no,no
shocking,adjective,B1,no,no,no
shut,adjective,B1,no,no,no
silent,adjective,B1,no,no,no
solid,adjective,B1,no,no,no
sore,adjective,B1,no,no,no
sour,adjective,B1,no,no,no
southeast,adjective,B1,no,no,no
southern,adjective,B1,no,no,no
southwest,adjective,B1,no,no,no
spectacular,adjective,B1,no,no,no
spicy,adjective,B1,no,no,no
spiral,adjective,B1,no,no,no
spiritual,adjective,B1,no,no,no
sports,adjective,B1,yes,no,no
stable,adjective,B1,no,no,no
steady,adjective,B1,no,no,no
steep,adjective,B1,yes,no,no
sticky,adjective,B1,no,no,no
stormy,adjective,B1,no,no,no
strategic,adjective,B1,no,no,no
stressed,adjective,B1,no,no,no
stressful,adjective,B1,no,no,no
stricken,adjective,B1,no,no,no
stubborn,adjective,B1,no,no,no
stuck,adjective,B1,no,no,no
stuffed,adjective,B1,no,no,no
stunning,adjective,B1,no,no,no
stupid,adjective,B1,no,no,no
stylish,adjective,B1,no,no,no
subconscious,adjective,B1,no,no,no
substantial,adjective,B1,no,no,no
sufficient,adjective,B1,no,no,no
superior,adjective,B1,no,no,no
supportive,adjective,B1,no,no,no
surrounding,adjective,B1,no,no,no
swollen,adjective,B1,no,no,no
systematic,adjective,B1,no,no,no
talented,adjective,B1,no,no,no
talkative,adjective,B1,no,no,no
tasteless,adjective,B1,no,no,no
tasty,adjective,B1,no,no,no
technological,adjective,B1,no,no,no
temporary,adjective,B1,no,no,no
tense,adjective,B1,no,no,no
terrific,adjective,B1,no,no,no
terrified,adjective,B1,no,no,no
thankful,adjective,B1,no,no,no
thorough,adjective,B1,no,no,no
threatening,adjective,B1,no,no,no
thunderous,adjective,B1,no,no,no
timely,adjective,B1,no,no,no
tiny,adjective,B1,no,no,no
tiring,adjective,B1,no,no,no
top,adjective,B1,no,no,no
total,adjective,B1,no,no,no
tragic,adjective,B1,no,no,no
transitional,adjective,B1,no,no,no
tremendous,adjective,B1,no,no,no
tropical,adjective,B1,no,no,no
trustworthy,adjective,B1,no,no,no
typical,adjective,B1,no,no,no
unable,adjective,B1,no,no,no
unafraid,adjective,B1,no,no,no
unbelievable,adjective,B1,no,no,no
unclear,adjective,B1,no,no,no
uncontrollable,adjective,B1,no,no,no
underage,adjective,B1,no,no,no
unemployed,adjective,B1,no,no,no
unexpected,adjective,B1,no,no,no
unfit,adjective,B1,no,no,no
unfortunate,adjective,B1,no,no,no
unfriendly,adjective,B1,no,no,no
unheard,adjective,B1,no,no,no
uninterested,adjective,B1,no,no,no
uninteresting,adjective,B1,no,no,no
unique,adjective,B1,no,no,no
unlikely,adjective,B1,no,no,no
unlucky,adjective,B1,no,no,no
unpredictable,adjective,B1,no,no,no
unrelated,adjective,B1,no,no,no
untidy,adjective,B1,no,no,no
unwanted,adjective,B1,no,no,no
unwell,adjective,B1,no,no,no
up-to-date,adjective,B1,no,no,no
uplifted,adjective,B1,no,no,no
upper,adjective,B1,no,no,no
upstairs,adjective,B1,no,no,no
upward,adjective,B1,no,no,no
urgent,adjective,B1,no,no,no
useless,adjective,B1,no,no,no
vague,adjective,B1,no,no,no
vain,adjective,B1,no,no,no
valuable,adjective,B1,no,no,no
various,adjective,B1,no,no,no
vast,adjective,B1,no,no,no
vegetarian,adjective,B1,no,no,no
vice,adjective,B1,no,no,no
virtual,adjective,B1,no,no,no
visible,adjective,B1,no,no,no
visual,adjective,B1,no,no,no
vivid,adjective,B1,no,no,no
waste,adjective,B1,yes,yes,no
wasteful,adjective,B1,no,no,no
weird,adjective,B1,no,no,no
welcome,adjective,B1,yes,no,no
well-dressed,adjective,B1,no,no,no
widespread,adjective,B1,no,no,no
wizard,adjective,B1,no,no,no
working,adjective,B1,no,no,no
worn,adjective,B1,no,no,no
worth,adjective,B1,no,no,no
worthwhile,adjective,B1,no,no,no
worthy,adjective,B1,no,no,no
written,adjective,B1,no,no,no
abandoned,adjective,B2,no,no,no
aboriginal,adjective,B2,no,no,no
absurd,adjective,B2,no,no,no
achievable,adjective,B2,no,no,no
actual,adjective,B2,no,no,no
acute,adjective,B2,no,no,no
adaptable,adjective,B2,no,no,no
addicted,adjective,B2,no,no,no
adequate,adjective,B2,no,no,no
administrative,adjective,B2,no,no,no
admirable,adjective,B2,no,no,no
adopted,adjective,B2,no,no,no
adventurous,adjective,B2,no,no,no
adverse,adjective,B2,no,no,no
affectionate,adjective,B2,no,no,no
affordable,adjective,B2,no,no,no
ageless,adjective,B2,no,no,no
alphabetical,adjective,B2,no,no,no
ambiguous,adjective,B2,no,no,no
ample,adjective,B2,no,no,no
anonymous,adjective,B2,no,no,no
antiaircraft,adjective,B2,no,no,no
antibacterial,adjective,B2,no,no,no
antique,adjective,B2,no,no,no
antistatic,adjective,B2,no,no,no
appreciative,adjective,B2,no,no,no
approximate,adjective,B2,no,no,no
arctic,adjective,B2,no,no,no
arrogant,adjective,B2,no,no,no
astonished,adjective,B2,no,no,no
astonishing,adjective,B2,no,no,no
attached,adjective,B2,no,no,no
attainable,adjective,B2,no,no,no
attentive,adjective,B2,no,no,no
atypical,adjective,B2,no,no,no
authoritative,adjective,B2,no,no,no
bad-tempered,adjective,B2,no,no,no
balanced,adjective,B2,no,no,no
balky,adjective,B2,no,no,no
barren,adjective,B2,no,no,no
beneficial,adjective,B2,no,no,no
benevolent,adjective,B2,no,no,no
biological,adjective,B2,no,no,no
bizarre,adjective,B2,no,no,no
bloody,adjective,B2,no,no,no
blooming,adjective,B2,no,no,no
boiling,adjective,B2,no,no,no
bony,adjective,B2,no,no,no
bookish,adjective,B2,no,no,no
bossy,adjective,B2,no,no,no
bothered,adjective,B2,no,no,no
bothersome,adjective,B2,no,no,no
breakable,adjective,B2,no,no,no
breathtaking,adjective,B2,no,no,no
breezy,adjective,B2,no,no,no
budget,adjective,B2,no,no,no
burdensome,adjective,B2,no,no,no
bustling,adjective,B2,no,no,no
carefree,adjective,B2,no,no,no
caring,adjective,B2,no,no,no
catastrophic,adjective,B2,no,no,no
catchy,adjective,B2,no,no,no
chaotic,adjective,B2,no,no,no
characteristic,adjective,B2,no,no,no
charming,adjective,B2,no,no,no
cheeky,adjective,B2,no,no,no
cherished,adjective,B2,no,no,no
childish,adjective,B2,no,no,no
citywide,adjective,B2,no,no,no
clerical,adjective,B2,no,no,no
clumsy,adjective,B2,yes,no,no
coarse,adjective,B2,no,no,no
coherent,adjective,B2,no,no,no
colonial,adjective,B2,no,no,no
communicative,adjective,B2,no,no,no
compassionate,adjective,B2,no,no,no
compatible,adjective,B2,no,no,no
competent,adjective,B2,no,no,no
comprehensive,adjective,B2,no,no,no
compulsory,adjective,B2,no,no,no
conceivable,adjective,B2,no,no,no
concrete,adjective,B2,no,no,no
consistent,adjective,B2,no,no,no
constant,adjective,B2,no,no,no
contemporary,adjective,B2,no,no,no
content,adjective,B2,no,no,no
contradictory,adjective,B2,no,no,no
conventional,adjective,B2,no,no,no
convinced,adjective,B2,no,no,no
cooperative,adjective,B2,no,no,no
corporal,adjective,B2,no,no,no
corporate,adjective,B2,no,no,no
corresponding,adjective,B2,no,no,no
corrupt,adjective,B2,no,no,no
costly,adjective,B2,no,no,no
countrywide,adjective,B2,no,no,no
cowardly,adjective,B2,no,no,no
cozy,adjective,B2,no,no,no
creepy,adjective,B2,no,no,no
criminal,adjective,B2,no,no,no
crucial,adjective,B2,no,no,no
daft,adjective,B2,no,no,no
damn,adjective,B2,no,no,no
darling,adjective,B2,no,no,no
dated,adjective,B2,no,no,no
de facto,adjective,B2,no,no,no
decent,adjective,B2,no,no,no
deceptive,adjective,B2,no,no,no
decisive,adjective,B2,no,no,no
decorative,adjective,B2,no,no,no
deep,adjective,B2,no,no,no
deliberate,adjective,B2,no,no,no
demanding,adjective,B2,no,no,no
dense,adjective,B2,no,no,no
dental,adjective,B2,no,no,no
dependable,adjective,B2,no,no,no
descriptive,adjective,B2,no,no,no
designer,adjective,B2,no,no,no
desirable,adjective,B2,no,no,no
detailed,adjective,B2,no,no,no
determined,adjective,B2,no,no,no
developing,adjective,B2,no,no,no
devoted,adjective,B2,no,no,no
dim,adjective,B2,no,no,no
disorderly,adjective,B2,no,no,no
disorganized,adjective,B2,no,no,no
dispensable,adjective,B2,no,no,no
dissatisfied,adjective,B2,no,no,no
distinguished,adjective,B2,no,no,no
distressing,adjective,B2,no,no,no
divided,adjective,B2,no,no,no
domestic,adjective,B2,no,no,no
doubtful,adjective,B2,no,no,no
down,adjective,B2,no,no,no
dreadful,adjective,B2,no,no,no
dreamy,adjective,B2,no,no,no
drinkable,adjective,B2,no,no,no
dumb,adjective,B2,no,no,no
dynamic,adjective,B2,no,no,no
economical,adjective,B2,no,no,no
ecstatic,adjective,B2,no,no,no
educated,adjective,B2,no,no,no
elective,adjective,B2,no,no,no
elegant,adjective,B2,no,no,no
elemental,adjective,B2,no,no,no
eligible,adjective,B2,no,no,no
eloquent,adjective,B2,no,no,no
enduring,adjective,B2,no,no,no
entertaining,adjective,B2,no,no,no
environmentally friendly,adjective,B2,no,no,no
erect,adjective,B2,no,no,no
estimated,adjective,B2,no,no,no
ethnic,adjective,B2,no,no,no
everlasting,adjective,B2,no,no,no
evil,adjective,B2,no,no,no
exceptional,adjective,B2,no,no,no
excessive,adjective,B2,no,no,no
executive,adjective,B2,no,no,no
exhausting,adjective,B2,no,no,no
existing,adjective,B2,no,no,no
exotic,adjective,B2,no,no,no
expected,adjective,B2,no,no,no
expert,adjective,B2,no,no,no
explosive,adjective,B2,no,no,no
expressive,adjective,B2,yes,no,no
exquisite,adjective,B2,no,no,no
extensive,adjective,B2,no,no,no
external,adjective,B2,no,no,no
exultant,adjective,B2,no,no,no
fabulous,adjective,B2,no,no,no
far,adjective,B2,no,no,no
fascinated,adjective,B2,no,no,no
fatal,adjective,B2,no,no,no
faulty,adjective,B2,no,no,no
fearsome,adjective,B2,no,no,no
fed up,adjective,B2,no,no,no
federal,adjective,B2,no,no,no
fellow,adjective,B2,no,no,no
fictional,adjective,B2,no,no,no
fierce,adjective,B2,no,no,no
figurative,adjective,B2,no,no,no
filial,adjective,B2,no,no,no
fiscal,adjective,B2,no,no,no
fixed,adjective,B2,no,no,no
flawless,adjective,B2,no,no,no
flexible,adjective,B2,no,no,no
fluid,adjective,B2,no,no,no
formidable,adjective,B2,no,no,no
forthcoming,adjective,B2,no,no,no
foul,adjective,B2,yes,no,no
friendly,adjective,B2,no,no,no
frugal,adjective,B2,no,no,no
functional,adjective,B2,no,no,no
fundamental,adjective,B2,no,no,no
funky,adjective,B2,no,no,no
furious,adjective,B2,no,no,no
gaudy,adjective,B2,no,no,no
genuine,adjective,B2,no,no,no
geographic,adjective,B2,no,no,no
glamorous,adjective,B2,no,no,no
glocal,adjective,B2,no,no,no
gloomy,adjective,B2,no,no,no
godly,adjective,B2,no,no,no
governmental,adjective,B2,no,no,no
gradual,adjective,B2,no,no,no
grand,adjective,B2,no,no,no
grim,adjective,B2,no,no,no
gross,adjective,B2,no,no,no
growing,adjective,B2,no,no,no
grown-up,adjective,B2,no,no,no
gymnastic,adjective,B2,no,no,no
hairy,adjective,B2,no,no,no
harmless,adjective,B2,no,no,no
haunting,adjective,B2,no,no,no
hazardous,adjective,B2,no,no,no
heartbreaking,adjective,B2,no,no,no
heartwarming,adjective,B2,no,no,no
high-tech,adjective,B2,no,no,no
hilarious,adjective,B2,no,no,no
hollow,adjective,B2,no,no,no
homeward,adjective,B2,no,no,no
honorable,adjective,B2,no,no,no
hospitable,adjective,B2,no,no,no
hourly,adjective,B2,no,no,no
humane,adjective,B2,no,no,no
humble,adjective,B2,no,no,no
humiliating,adjective,B2,no,no,no
hybrid,adjective,B2,no,no,no
icy,adjective,B2,no,no,no
identical,adjective,B2,no,no,no
idle,adjective,B2,no,no,no
ignorant,adjective,B2,no,no,no
immoral,adjective,B2,no,no,no
immortal,adjective,B2,no,no,no
impartial,adjective,B2,no,no,no
impermanent,adjective,B2,no,no,no
impolite,adjective,B2,no,no,no
impractical,adjective,B2,no,no,no
impressed,adjective,B2,no,no,no
improbable,adjective,B2,no,no,no
improved,adjective,B2,no,no,no
impulsive,adjective,B2,no,no,no
inaccurate,adjective,B2,no,no,no
inadequate,adjective,B2,no,no,no
inanimate,adjective,B2,no,no,no
inborn,adjective,B2,no,no,no
incurable,adjective,B2,no,no,no
indebted,adjective,B2,no,no,no
indescribable,adjective,B2,no,no,no
indifferent,adjective,B2,no,no,no
indispensable,adjective,B2,no,no,no
indulgent,adjective,B2,no,no,no
ineffective,adjective,B2,no,no,no
inert,adjective,B2,no,no,no
inexperienced,adjective,B2,no,no,no
infected,adjective,B2,no,no,no
infectious,adjective,B2,no,no,no
inflammatory,adjective,B2,no,no,no
influential,adjective,B2,no,no,no
informal,adjective,B2,no,no,no
initial,adjective,B2,no,no,no
injured,adjective,B2,no,no,no
innate,adjective,B2,no,no,no
innovative,adjective,B2,no,no,no
inseparable,adjective,B2,no,no,no
inside,adjective,B2,no,no,no
inspirational,adjective,B2,no,no,no
insufficient,adjective,B2,no,no,no
intellectual,adjective,B2,no,no,no
intent,adjective,B2,no,no,no
interactive,adjective,B2,no,no,no
interpersonal,adjective,B2,no,no,no
intimate,adjective,B2,no,no,no
intransitive,adjective,B2,no,no,no
intravenous,adjective,B2,no,no,no
invariable,adjective,B2,no,no,no
invisible,adjective,B2,no,no,no
irrational,adjective,B2,no,no,no
irresistible,adjective,B2,no,no,no
irresponsible,adjective,B2,no,no,no
irritated,adjective,B2,no,no,no
irritating,adjective,B2,no,no,no
keen,adjective,B2,no,no,no
known,adjective,B2,no,no,no
lame,adjective,B2,no,no,no
last-minute,adjective,B2,no,no,no
later,adjective,B2,no,no,no
latter,adjective,B2,no,no,no
legendary,adjective,B2,no,no,no
legislative,adjective,B2,no,no,no
legitimate,adjective,B2,no,no,no
lengthy,adjective,B2,no,no,no
liberal,adjective,B2,no,no,no
lifeless,adjective,B2,no,no,no
literal,adjective,B2,no,no,no
long-distance,adjective,B2,no,no,no
long-term,adjective,B2,no,no,no
lousy,adjective,B2,no,no,no
lucrative,adjective,B2,no,no,no
lush,adjective,B2,no,no,no
luxurious,adjective,B2,no,no,no
luxury,adjective,B2,no,no,no
manual,adjective,B2,yes,no,no
mathematical,adjective,B2,no,no,no
mature,adjective,B2,no,no,no
medieval,adjective,B2,no,no,no
mediocre,adjective,B2,no,no,no
metric,adjective,B2,no,no,no
microscopic,adjective,B2,no,no,no
mighty,adjective,B2,no,no,no
miniature,adjective,B2,no,no,no
misleading,adjective,B2,no,no,no
mistrustful,adjective,B2,no,no,no
mock,adjective,B2,no,no,no
modest,adjective,B2,no,no,no
momentary,adjective,B2,no,no,no
moody,adjective,B2,no,no,no
moral,adjective,B2,no,no,no
mortal,adjective,B2,no,no,no
motivated,adjective,B2,no,no,no
mournful,adjective,B2,no,no,no
moving,adjective,B2,no,no,no
muddy,adjective,B2,no,no,no
multiple,adjective,B2,no,no,no
mutable,adjective,B2,no,no,no
narcissistic,adjective,B2,no,no,no
nationwide,adjective,B2,no,no,no
naughty,adjective,B2,no,no,no
naval,adjective,B2,no,no,no
neat,adjective,B2,no,no,no
needless,adjective,B2,no,no,no
needy,adjective,B2,no,no,no
neighboring,adjective,B2,no,no,no
newsworthy,adjective,B2,no,no,no
noble,adjective,B2,no,no,no
non-smoking,adjective,B2,no,no,no
nonprofessional,adjective,B2,no,no,no
numerical,adjective,B2,no,no,no
obedient,adjective,B2,no,no,no
objective,adjective,B2,no,no,no
obsessive,adjective,B2,no,no,no
odd,adjective,B2,no,no,no
offshore,adjective,B2,no,no,no
optimistic,adjective,B2,no,no,no
optional,adjective,B2,no,no,no
oral,adjective,B2,no,no,no
orchestral,adjective,B2,no,no,no
outrageous,adjective,B2,no,no,no
outside,adjective,B2,no,no,no
oval,adjective,B2,no,no,no
overall,adjective,B2,no,no,no
overseas,adjective,B2,no,no,no
oversize,adjective,B2,no,no,no
packed,adjective,B2,no,no,no
pandemic,adjective,B2,no,no,no
paperless,adjective,B2,no,no,no
paramedic,adjective,B2,no,no,no
particular,adjective,B2,no,no,no
passionate,adjective,B2,no,no,no
pastoral,adjective,B2,no,no,no
patriotic,adjective,B2,no,no,no
pedantic,adjective,B2,no,no,no
persistent,adjective,B2,no,no,no
pessimistic,adjective,B2,no,no,no
petrified,adjective,B2,no,no,no
petty,adjective,B2,no,no,no
philosophical,adjective,B2,no,no,no
picky,adjective,B2,no,no,no
picturesque,adjective,B2,no,no,no
pointless,adjective,B2,no,no,no
posh,adjective,B2,no,no,no
possessed,adjective,B2,no,no,no
postal,adjective,B2,no,no,no
potent,adjective,B2,no,no,no
potential,adjective,B2,no,no,no
predicative,adjective,B2,no,no,no
predictable,adjective,B2,no,no,no
predictive,adjective,B2,no,no,no
preferable,adjective,B2,no,no,no
prehistoric,adjective,B2,no,no,no
preindustrial,adjective,B2,no,no,no
preliminary,adjective,B2,no,no,no
presidential,adjective,B2,no,no,no
prestigious,adjective,B2,no,no,no
pretend,adjective,B2,no,no,no
preventive,adjective,B2,no,no,no
priceless,adjective,B2,no,no,no
primary,adjective,B2,no,no,no
prime,adjective,B2,no,no,no
prior,adjective,B2,no,no,no
probable,adjective,B2,no,no,no
profitable,adjective,B2,no,no,no
prompt,adjective,B2,no,no,no
proposed,adjective,B2,no,no,no
proven,adjective,B2,no,no,no
punctual,adjective,B2,no,no,no
purposeful,adjective,B2,no,no,no
puzzled,adjective,B2,no,no,no
quarrelsome,adjective,B2,no,no,no
queer,adjective,B2,no,no,no
quit,adjective,B2,no,no,no
quotable,adjective,B2,no,no,no
rash,adjective,B2,no,no,no
rear,adjective,B2,no,no,no
rebellious,adjective,B2,no,no,no
recommendable,adjective,B2,no,no,no
rectangular,adjective,B2,no,no,no
redundant,adjective,B2,no,no,no
referent,adjective,B2,no,no,no
reflective,adjective,B2,no,no,no
related,adjective,B2,no,no,no
relevant,adjective,B2,no,no,no
relieved,adjective,B2,no,no,no
reluctant,adjective,B2,no,no,no
remaining,adjective,B2,no,no,no
resonant,adjective,B2,no,no,no
respected,adjective,B2,no,no,no
respiratory,adjective,B2,no,no,no
revolutionary,adjective,B2,no,no,no
rhythmic,adjective,B2,no,no,no
risky,adjective,B2,no,no,no
roast,adjective,B2,yes,no,no
rocky,adjective,B2,no,no,no
rosy,adjective,B2,no,no,no
ruinous,adjective,B2,no,no,no
rural,adjective,B2,no,no,no
rusty,adjective,B2,no,no,no
salty,adjective,B2,no,no,no
sanitary,adjective,B2,no,no,no
satisfactory,adjective,B2,no,no,no
scheduled,adjective,B2,no,no,no
seasonal,adjective,B2,no,no,no
secondary,adjective,B2,no,no,no
self-confident,adjective,B2,no,no,no
selfless,adjective,B2,no,no,no
sensible,adjective,B2,no,no,no
sensitive,adjective,B2,no,no,no
serene,adjective,B2,no,no,no
serial,adjective,B2,no,no,no
sexual,adjective,B2,no,no,no
sexy,adjective,B2,no,no,no
shabby,adjective,B2,no,no,no
shaken,adjective,B2,no,no,no
shakespearean,adjective,B2,no,no,no
shaky,adjective,B2,no,no,no
short-term,adjective,B2,no,no,no
simultaneous,adjective,B2,no,no,no
sincere,adjective,B2,no,no,no
skilled,adjective,B2,no,no,no
skillful,adjective,B2,no,no,no
slight,adjective,B2,no,no,no
sloppy,adjective,B2,no,no,no
so-called,adjective,B2,no,no,no
soaked,adjective,B2,no,no,no
soaking,adjective,B2,no,no,no
sociable,adjective,B2,no,no,no
solar,adjective,B2,no,no,no
solo,adjective,B2,no,no,no
sophisticated,adjective,B2,no,no,no
sound,adjective,B2,no,no,no
spare,adjective,B2,no,no,no
sparkling,adjective,B2,no,no,no
spellbound,adjective,B2,no,no,no
standard,adjective,B2,no,no,no
standby,adjective,B2,no,no,no
starving,adjective,B2,no,no,no
state,adjective,B2,no,no,no
steely,adjective,B2,no,no,no
stern,adjective,B2,no,no,no
stiff,adjective,B2,no,no,no
stingy,adjective,B2,no,no,no
straightforward,adjective,B2,no,no,no
striking,adjective,B2,no,no,no
subtle,adjective,B2,no,no,no
successive,adjective,B2,no,no,no
superb,adjective,B2,no,no,no
supernatural,adjective,B2,no,no,no
suspicious,adjective,B2,no,no,no
swift,adjective,B2,no,no,no
symbolic,adjective,B2,no,no,no
sympathetic,adjective,B2,no,no,no
tabloid,adjective,B2,no,no,no
tactile,adjective,B2,no,no,no
tame,adjective,B2,no,no,no
tanned,adjective,B2,no,no,no
technical,adjective,B2,no,no,no
temperate,adjective,B2,no,no,no
tender,adjective,B2,no,no,no
terrifying,adjective,B2,no,no,no
thoughtful,adjective,B2,no,no,no
thoughtless,adjective,B2,no,no,no
thrilled,adjective,B2,no,no,no
thrilling,adjective,B2,no,no,no
timeless,adjective,B2,no,no,no
tiresome,adjective,B2,no,no,no
tolerant,adjective,B2,no,no,no
tough,adjective,B2,no,no,no
toxic,adjective,B2,no,no,no
transient,adjective,B2,no,no,no
transitive,adjective,B2,no,no,no
transparent,adjective,B2,no,no,no
tricky,adjective,B2,no,no,no
trivial,adjective,B2,no,no,no
tropic,adjective,B2,no,no,no
troublesome,adjective,B2,no,no,no
trusty,adjective,B2,no,no,no
truthful,adjective,B2,no,no,no
turbulent,adjective,B2,no,no,no
twisted,adjective,B2,no,no,no
ultimate,adjective,B2,no,no,no
unacceptable,adjective,B2,no,no,no
unattractive,adjective,B2,no,no,no
unauthorized,adjective,B2,no,no,no
unavailable,adjective,B2,no,no,no
unaware,adjective,B2,no,no,no
unbearable,adjective,B2,no,no,no
unbeatable,adjective,B2,no,no,no
unchanged,adjective,B2,no,no,no
uncharacteristic,adjective,B2,no,no,no
uncommon,adjective,B2,no,no,no
unconcerned,adjective,B2,no,no,no
unconscious,adjective,B2,no,no,no
underground,adjective,B2,yes,yes,no
undersea,adjective,B2,no,no,no
understandable,adjective,B2,no,no,no
understanding,adjective,B2,no,no,no
undreamed,adjective,B2,no,no,no
undressed,adjective,B2,no,no,no
unenthusiastic,adjective,B2,no,no,no
uneven,adjective,B2,no,no,no
unfamiliar,adjective,B2,no,no,no
unfashionable,adjective,B2,no,no,no
unforeseen,adjective,B2,no,no,no
ungodly,adjective,B2,no,no,no
unhelpful,adjective,B2,no,no,no
unimaginable,adjective,B2,no,no,no
united,adjective,B2,no,no,no
universal,adjective,B2,no,no,no
unkind,adjective,B2,no,no,no
unlimited,adjective,B2,no,no,no
unmistakable,adjective,B2,no,no,no
unnatural,adjective,B2,no,no,no
unofficial,adjective,B2,no,no,no
unpopular,adjective,B2,no,no,no
unrealistic,adjective,B2,no,no,no
unreasonable,adjective,B2,no,no,no
unreliable,adjective,B2,no,no,no
unsafe,adjective,B2,no,no,no
unsatisfactory,adjective,B2,no,no,no
unselfish,adjective,B2,no,no,no
unstoppable,adjective,B2,no,no,no
unsuccessful,adjective,B2,no,no,no
unsuitable,adjective,B2,no,no,no
unsure,adjective,B2,no,no,no
untalented,adjective,B2,no,no,no
untreated,adjective,B2,no,no,no
untrimmed,adjective,B2,no,no,no
unwilling,adjective,B2,no,no,no
unwise,adjective,B2,no,no,no
unworldly,adjective,B2,no,no,no
upright,adjective,B2,no,no,no
upside down,adjective,B2,no,no,no
urban,adjective,B2,no,no,no
vacant,adjective,B2,no,no,no
valid,adjective,B2,no,no,no
varied,adjective,B2,no,no,no
verbal,adjective,B2,no,no,no
very,adjective,B2,no,no,no
vigorous,adjective,B2,no,no,no
vital,adjective,B2,no,no,no
waterproof,adjective,B2,no,no,no
wealthy,adjective,B2,no,no,no
wearisome,adjective,B2,no,no,no
weary,adjective,B2,no,no,no
well-balanced,adjective,B2,no,no,no
well-built,adjective,B2,no,no,no
well-organized,adjective,B2,no,no,no
well-paid,adjective,B2,no,no,no
western,adjective,B2,no,no,no
willing,adjective,B2,no,no,no
winding,adjective,B2,no,no,no
witty,adjective,B2,no,no,no
wondrous,adjective,B2,no,no,no
workaholic,adjective,B2,no,no,no
worldly,adjective,B2,no,no,no
worldwide,adjective,B2,no,no,no
wornout,adjective,B2,no,no,no
worrying,adjective,B2,no,no,no
worthless,adjective,B2,no,no,no
youthful,adjective,B2,no,no,no
yummy,adjective,B2,no,no,no
